{
  "project_info": {
    "project_number": "363674214417",
    "firebase_url": "https://e-bar-fe61a.firebaseio.com",
    "project_id": "e-bar-fe61a",
    "storage_bucket": "e-bar-fe61a.appspot.com"
  },
  "client": [
    {
      "client_info": {
        "mobilesdk_app_id": "1:363674214417:android:494fe4a0649a4a9651d1b0",
        "android_client_info": {
          "package_name": "com.example.e_bar"
        }
      },
      "oauth_client": [
        {
          "client_id": "363674214417-o8th08kt5q5mtrq5qhkkhuvm0c9qh30p.apps.googleusercontent.com",
          "client_type": 1,
          "android_info": {
            "package_name": "com.example.e_bar",
            "certificate_hash": "3af80b240d5379a5cea60b0e02b41cd52a97a540"
          }
        },
        {
          "client_id": "363674214417-fpteg51fu6aer5smk59jkf8gj4ge46r1.apps.googleusercontent.com",
          "client_type": 3
        }
      ],
      "api_key": [
        {
          "current_key": "AIzaSyDDZFJ_HaQHlBhPvDSFa_ST0495GJooHhU"
        }
      ],
      "services": {
        "appinvite_service": {
          "other_platform_oauth_client": [
            {
              "client_id": "363674214417-fpteg51fu6aer5smk59jkf8gj4ge46r1.apps.googleusercontent.com",
              "client_type": 3
            }
          ]
        }
      }
    }
  ],
  "configuration_version": "1"
}